{"cameraMode":{"drawMode":0,"name":"Shaded","section":"Shading Mode"},"sceneLighting":true,"audioPlay":false,"sceneViewState":{"showFog":true,"showMaterialUpdate":false,"showSkybox":true,"showFlares":true,"showImageEffects":true,"showParticleSystems":true},"in2DMode":false,"pivot":{"x":17.850584030151368,"y":-18.007091522216798,"z":8.053804397583008},"rotation":{"x":0.224998340010643,"y":0.4751642644405365,"z":-0.12698401510715486,"w":0.8411643505096436},"size":29.159814834594728,"orthographic":false}