{"cameraMode":{"drawMode":0,"name":"Shaded","section":"Shading Mode"},"sceneLighting":true,"audioPlay":false,"sceneViewState":{"showFog":true,"showMaterialUpdate":false,"showSkybox":true,"showFlares":true,"showImageEffects":true,"showParticleSystems":true},"in2DMode":false,"pivot":{"x":-2.102712631225586,"y":-1.040349006652832,"z":7.259786605834961},"rotation":{"x":0.17813381552696229,"y":0.7517972588539124,"z":-0.22531457245349885,"w":0.593645453453064},"size":21.459671020507814,"orthographic":false}