{"cameraMode":{"drawMode":0,"name":"Shaded","section":"Shading Mode"},"sceneLighting":true,"audioPlay":false,"sceneViewState":{"showFog":true,"showMaterialUpdate":false,"showSkybox":true,"showFlares":true,"showImageEffects":true,"showParticleSystems":true},"in2DMode":false,"pivot":{"x":-3.1751410961151125,"y":3.2763986587524416,"z":16.182039260864259},"rotation":{"x":0.2562853693962097,"y":0.6177949905395508,"z":-0.22329136729240418,"w":0.7091305255889893},"size":0.6200549602508545,"orthographic":false}